Y,X
36.8063199,127.1385179
36.80700223,127.1383345
36.80693348,127.1385071
36.80638402,127.1384296
36.80628309,127.1383183
36.80617593,127.1383927
36.8053826,127.1382983
36.80547811,127.1382337
36.80566178,127.1359673
36.8057436,127.1356638
36.80585612,127.1356117
36.80640168,127.1357244
36.80647462,127.1358188
36.8065524,127.135733
36.80648244,127.1355986
36.80710442,127.1357941
36.801215,127.192259
36.801645,127.190575
36.801728,127.190612
36.80152346,127.190513
36.801614,127.166209
36.802442,127.167658
36.802515,127.167853
36.801582,127.164315
36.801442,127.164163
36.801467,127.164511
36.801584,127.164521
36.80134335,127.164536
36.803577,127.159068
36.803589,127.158757
36.80174973,127.158945
36.801095,127.159104
36.801195,127.158931
36.801207,127.159222
36.801357,127.156589
36.801406,127.156333
36.803576,127.157671
36.803554,127.154981
36.801676,127.153212
36.804476,127.152563
36.803571,127.152634
36.803541,127.152863
36.803444,127.152766
36.801786,127.153084
36.804616,127.150119
36.802095,127.150501
36.803444,127.1503001
36.808022,127.161462
36.806197,127.164307
36.806385,127.164024
36.80504139,127.161651
36.80504139,127.161653
36.806367,127.161558
36.806266,127.161153
36.80635767,127.160758
36.808405,127.161612
36.808995,127.158533
36.806336,127.159024
36.806338,127.158464
36.806577,127.158703
36.80650953,127.155928
36.806099,127.158743
36.805788,127.158613
36.808858,127.152475
36.808767,127.152563
36.809078,127.152592
36.809003,127.152691
36.806431,127.152545
36.806106,127.152254
36.806712,127.152187
36.806596,127.152095
36.806284,127.152471
36.806642,127.152336
36.806299,127.154369
36.807987,127.151008
36.808113,127.150983
36.811138,127.177093
36.81104864,127.1764516
36.813373,127.175721
36.813634,127.1855336
36.810133,127.174636
36.810816,127.165756
36.812061,127.164566
36.811852,127.164066
36.811907,127.163957
36.811431,127.1652182
36.811351,127.1652182
36.811439,127.161463
36.811524,127.161576
36.811795,127.160135
36.813705,127.161426
36.814992,127.160208
36.811026,127.158387
36.812379,127.158491
36.812213,127.158318
36.812437,127.158162
36.814546,127.1585128
36.814974,127.158407
36.812454,127.156122
36.812542,127.150509
36.812585,127.150792
36.812691,127.150626
36.812741,127.150467
36.812676,127.152915
36.813559,127.152981
36.814079,127.153017
36.814188,127.153133
36.814348,127.153039
36.814269,127.152931
36.814401,127.150629
36.814327,127.152266
36.81448157,127.150019
36.810045,127.152692
36.810192,127.152902
36.810333,127.152517
36.810469,127.152713
36.811389,127.152802
36.812362,127.152886
36.812514,127.1531718
36.812539,127.152736
36.815612,127.183178
36.815779,127.182881
36.815211,127.181308
36.815419,127.1609931
36.819507,127.159736
36.819232,127.159264
36.815215,127.158248
36.81610131,127.158396
36.815311,127.158118
36.816237,127.158111
36.816396,127.1639485
36.817209,127.158384
36.817207,127.158105
36.817341,127.158247
36.818182,127.158363
36.818183,127.158126
36.818294,127.158241
36.81913335,127.158503
36.82037489,127.158425
36.818812,127.158006
36.818988,127.158003
36.819288,127.158229
36.818853,127.155246
36.815715,127.153164
36.81647582,127.1532064
36.816348,127.153224
36.81530093,127.150956
36.818998,127.154915
36.818995,127.154143
36.818611,127.153829
36.81836915,127.1534639
36.81934727,127.153612
36.819492,127.153318
36.819315,127.152796
36.818719,127.152374
36.818382,127.152301
36.818435,127.151985
36.818464,127.151821
36.81861827,127.151848
36.818795,127.151802
36.818874,127.152068
36.819017,127.152119
36.819983,127.151768
36.820439,127.1622398
36.820574,127.162648
36.820635,127.162892
36.820816,127.163375
36.821302,127.162874
36.82069488,127.1622398
36.821237,127.162276
36.821438,127.162156
36.821492,127.162285
36.821765,127.162466
36.821741,127.162704
36.822037,127.162486
36.82202549,127.159569
36.822968,127.159248
36.823022,127.159131
36.822907,127.159144
36.822899,127.158717
36.822806,127.158201
36.822961,127.158038
36.820954,127.158075
36.820856,127.158191
36.820374,127.158097
36.820957,127.156852
36.822954,127.155844
36.82315875,127.155743
36.82277474,127.155613
36.824937,127.153481
36.824958,127.152658
36.824811,127.152783
36.824784,127.153337
36.824579,127.153343
36.824501,127.152958
36.824584,127.152779
36.824483,127.152744
36.823035,127.153957
36.823219,127.152741
36.823153,127.152606
36.823252,127.152524
36.823427,127.151242
36.823364,127.151118
36.821879,127.152196
36.821256,127.152156
36.822033,127.150842
36.821856,127.150744
36.785642,127.112044
36.7995452,127.106336
36.797215,127.106653
36.7969671,127.106119
36.796977,127.1066903
36.7995452,127.106673
36.796226,127.106377
36.795498,127.106557
36.795587,127.1066903
36.797527,127.108127
36.797746,127.108186
36.797448,127.108368
36.797677,127.108465
36.795254,127.097966
36.795201,127.098241
36.794935,127.097962
36.794882,127.098223
36.796182,127.100551
36.796449,127.100789
36.796022,127.100899
36.796277,127.101109
36.792827,127.096039
36.792988,127.095971
36.800309,127.111039
36.800783,127.111838
36.800362,127.099568
36.800432,127.099973
36.80037249,127.099799
36.800224,127.099582
36.79786574,127.100044
36.798971,127.099808
36.801623,127.105681
36.801781,127.105476
36.801536,127.105226
36.801392,127.105425
36.801328,127.1045284
36.80138291,127.1045284
36.801773,127.105239
36.801931,127.105864
36.8001402,127.103928
36.799911,127.104152
36.79979636,127.104067
36.799785,127.104372
36.79954522,127.104207
36.799981,127.105007
36.800057,127.105345
36.799982,127.105368
36.799886,127.105382
36.798405,127.104669
36.796801,127.102785
36.796599,127.102979
36.796538,127.102684
36.796402,127.102878
36.79550257,127.101393
36.797469,127.104909
36.796899,127.104756
36.796934,127.105063
36.797105,127.104853
36.796731,127.104952
36.796116,127.105689
36.800886,127.107613
36.800839,127.107468
36.800489,127.107491
36.800254,127.107606
36.801749,127.108721
36.800364,127.108722
36.800337,127.109426
36.800293,127.109334
36.800266,127.109958
36.800029,127.105945
36.800176,127.106335
36.800023,127.1064636
36.800079,127.107566
36.799963,127.108268
36.798391,127.108019
36.799811,127.1082488
36.79938771,127.108543
36.800037,127.108453
36.799773,127.109091
36.799648,127.109042
36.799104,127.108785
36.829524,127.189251
36.829551,127.188514
36.829473,127.188321
36.829571,127.188177
36.82958475,127.187823
36.829696,127.186602
36.829641,127.186665
36.82961764,127.186515
36.829987,127.181118
36.828727,127.169556
36.828434,127.166384
36.827013,127.156458
36.827023,127.156315
36.828139,127.158229
36.827507,127.157241
36.826551,127.155633
36.826427,127.1552425
36.826975,127.155385
36.827863,127.158649
36.828159,127.158409
36.828286,127.158297
36.828293,127.158479
36.827754,127.158605
36.828695,127.157835
36.828669,127.157991
36.828677,127.159094
36.828342,127.158568
36.82579743,127.154606
36.825183,127.153605
36.833408,127.190555
36.833482,127.190327
36.83372141,127.190197
36.830966,127.1854958
36.830663,127.179417
36.830899,127.178719
36.830905,127.177747
36.830984,127.177552
36.831161,127.174354
36.833168,127.173432
36.83329214,127.173472
36.833336,127.173552
36.833381,127.173396
36.833686,127.173445
36.832991,127.166121
36.831096,127.162891
36.831917,127.151702
36.832045,127.151692
36.83197835,127.1512008
36.83838885,127.151918
36.834933,127.151666
36.838371,127.157142
36.836937,127.155544
36.83820547,127.151778
36.838819,127.151102
36.8446193,127.187551
36.844356,127.186807
36.841402,127.181397
36.840179,127.180072
36.840071,127.179786
36.840856,127.174356
36.840888,127.174534
36.841088,127.174476
36.846489,127.189681
36.779045,127.152081
36.779075,127.151452
36.779219,127.152292
36.776731,127.150082
36.779173,127.149612
36.779021,127.149433
36.777851,127.1497131
36.777731,127.149801
36.784355,127.160353
36.782709,127.159968
36.782588,127.159916
36.784522,127.160248
36.784393,127.160198
36.784697,127.160117
36.784727,127.160021
36.78547847,127.160048
36.785052,127.159882
36.785156,127.159809
36.782689,127.159615
36.783999,127.1602941
36.783865,127.159009
36.784061,127.159041
36.783887,127.158503
36.784101,127.157569
36.784332,127.158231
36.784363,127.1580419
36.784463,127.158143
36.78459828,127.157784
36.78459828,127.157671
36.784853,127.159049
36.784808,127.159166
36.785177,127.158914
36.784484,127.159299
36.784463,127.159424
36.785507,127.159655
36.785534,127.159554
36.785451,127.159531
36.785424,127.159631
36.785076,127.159784
36.785137,127.159908
36.78609811,127.1598966
36.786305,127.160145
36.786536,127.159986
36.786563,127.159882
36.786678,127.1613669
36.787008,127.160073
36.787056,127.159876
36.787216,127.159935
36.787166,127.160123
36.790345,127.159185
36.789622,127.158297
36.789671,127.158431
36.789766,127.1585901
36.789812,127.158176
36.788715,127.158961
36.788568,127.158906
36.788526,127.159087
36.786649,127.158908
36.786675,127.158735
36.786522,127.158884
36.786246,127.159164
36.786268,127.159049
36.786182,127.159017
36.786158,127.159129
36.78547847,127.159403
36.785796,127.159376
36.785826,127.159276
36.785551,127.1591136
36.785595,127.158544
36.785486,127.157888
36.785912,127.157577
36.786029,127.1583208
36.786175,127.157643
36.785506,127.156394
36.785337,127.156317
36.785398,127.156106
36.786014,127.157738
36.78776663,127.157845
36.785285,127.1580419
36.786887,127.157086
36.786937,127.156897
36.786118,127.157441
36.78461028,127.1568031
36.785072,127.157113
36.784948,127.156672
36.789457,127.155394
36.788798,127.155824
36.788971,127.155884
36.789203,127.156136
36.787734,127.150967
36.787756,127.150829
36.787734,127.150693
36.788144,127.152205
36.787168,127.150922
36.784251,127.1520103
36.784434,127.151569
36.784394,127.151911
36.784212,127.1520103
36.784098,127.152103
36.781712,127.1531968
36.782633,127.156199
36.782545,127.156047
36.781917,127.155927
36.781847,127.155798
36.784826,127.154351
36.784886,127.154066
36.784703,127.153933
36.78510289,127.154193
36.784085,127.154462
36.784269,127.154253
36.784113,127.153746
36.783978,127.153681
36.782004,127.154493
36.782071,127.1531968
36.782437,127.153216
36.782799,127.154878
36.782711,127.154741
36.782839,127.1568592
36.782917,127.154744
36.782936,127.153781
36.783035,127.1545702
36.783092,127.153174
36.782899,127.153219
36.78243457,127.152747
36.782934,127.152401
36.783111,127.152538
36.784099,127.152312
36.784496,127.149757
36.784617,127.149578
36.784539,127.149379
36.78460064,127.148792
36.78460064,127.148064
36.784632,127.147861
36.784862,127.1487918
36.785062,127.146504
36.785076,127.1463671
36.784953,127.146453
36.784863,127.1463671
36.784831,127.146447
36.784982,127.146194
36.786678,127.146616
36.783057,127.1463671
36.783502,127.145842
36.787872,127.156307
36.788861,127.155616
36.785227,127.158795
36.785027,127.145904
36.783038,127.164872
36.783164,127.164881
36.783478,127.164784
36.783987,127.164644
36.783075,127.164011
36.783135,127.163937
36.78305752,127.163866
36.783011,127.1638494
36.783001,127.162561
36.783054,127.162481
36.782984,127.162413
36.782933,127.1614094
36.783363,127.162346
36.783448,127.1613669
36.783187,127.161155
36.783237,127.161066
36.783167,127.161002
36.783102,127.161096
36.782866,127.1614094
36.78284452,127.161238
36.782745,127.161179
36.782794,127.161088
36.783519,127.160926
36.783562,127.160812
36.783631,127.160843
36.783597,127.160956
36.783845,127.1608384
36.783925,127.160647
36.783898,127.160749
36.784199,127.160548
36.784143,127.160418
36.784485,127.160406
36.784808,127.161437
36.784853,127.1613669
36.784921,127.161369
36.78528081,127.160869
36.785189,127.160907
36.785901,127.160847
36.785952,127.160683
36.785435,127.160733
36.785459,127.160642
36.785542,127.160668
36.785799,127.160492
36.785826,127.160391
36.785882,127.160507
36.785915,127.160413
36.791833,127.161978
36.802507,127.140443
36.802764,127.142504
36.802693,127.142696
36.803075,127.143388
36.803014,127.143619
36.803168,127.144665
36.801337,127.140204
36.801343,127.142515
36.801456,127.142741
36.801347,127.142864
36.801355,127.144033
36.801231,127.142749
36.804993,127.139506
36.804876,127.135439
36.804926,127.135557
36.804784,127.135539
36.804304,127.135579
36.803882,127.137189
36.80344061,127.137735
36.804455,127.139383
36.803147,127.139077
36.800769,127.135682
36.801132,127.136851
36.801262,127.136893
36.801306,127.137069
36.80139004,127.138719
36.802446,127.139487
36.802298,127.139359
36.801412,127.136927
36.804984,127.134573
36.802525,127.134581
36.801897,127.131553
36.801773,127.131869
36.802612,127.131864
36.802833,127.131587
36.802968,127.131913
36.804507,127.127482
36.804758,127.127908
36.804565,127.129284
36.80155757,127.126403
36.800015,127.126757
36.800019,127.126587
36.803949,127.127443
36.80155757,127.126773
36.803628,127.127463
36.803394,127.127735
36.801833,127.125075
36.801944,127.1264293
36.801805,127.125276
36.801371,127.126925
36.800642,127.129281
36.800168,127.127997
36.800118,127.128329
36.802936,127.129772
36.803181,127.129823
36.803074,127.129927
36.803112,127.129664
36.800454,127.123267
36.800253,127.123399
36.800597,127.123453
36.800563,127.121592
36.800745,127.121505
36.800907,127.121734
36.802068,127.123653
36.801893,127.123779
36.802019,127.123982
36.801236,127.1236632
36.802498,127.121143
36.802442,127.1214194
36.801738,127.122368
36.800942,127.122111
36.80279701,127.121112
36.804866,127.120745
36.804816,127.120908
36.804768,127.120799
36.804239,127.120677
36.804151,127.120576
36.802339,127.122024
36.802291,127.122321
36.802251,127.122545
36.80233118,127.122488
36.80245969,127.121244
36.803535,127.115105
36.804292,127.115615
36.804397,127.115574
36.804391,127.115784
36.801213,127.115332
36.801496,127.115661
36.804566,127.117702
36.804672,127.117941
36.804144,127.1190378
36.804496,127.1190378
36.804366,127.118907
36.803454,127.118976
36.802991,127.118879
36.802788,127.118963
36.802702,127.119649
36.802796,127.1191554
36.802666,127.119922
36.802453,127.1190378
36.802376,127.118753
36.800017,127.118227
36.80456188,127.111111
36.803937,127.111048
36.803752,127.111958
36.803779,127.1108043
36.802852,127.112223
36.803526,127.112841
36.803397,127.112574
36.803698,127.112632
36.803588,127.1119636
36.803354,127.114491
36.803262,127.113667
36.804314,127.1119636
36.804149,127.109677
36.804198,127.109334
36.804048,127.109462
36.804193,127.108852
36.804532,127.107697
36.804457,127.107541
36.804728,127.106678
36.80188172,127.1065753
36.801745,127.105707
36.801487,127.105625
36.802213,127.108894
36.803053,127.1108043
36.80456188,127.109206
36.804672,127.107608
36.804582,127.107437
36.809195,127.148758
36.808883,127.149386
36.808992,127.148712
36.806893,127.149776
36.807997,127.148511
36.808152,127.148274
36.808117,127.148196
36.808218,127.147799
36.8078374,127.147678
36.807189,127.147357
36.806122,127.147001
36.805254,127.1467558
36.806104,127.145397
36.809707,127.145004
36.806801,127.141672
36.806771,127.142321
36.808213,127.144209
36.806504,127.143929
36.805797,127.143929
36.805504,127.1449912
36.806659,127.143356
36.808015,127.143141
36.808177,127.143318
36.806842,127.142482
36.806103,127.143151
36.80518417,127.143276
36.806899,127.140132
36.809233,127.140525
36.809937,127.144181
36.806508,127.143123
36.809843,127.143469
36.806846,127.143214
36.809824,127.143699
36.805515,127.1449912
36.807152,127.136031
36.807203,127.136188
36.807085,127.137009
36.807104,127.137552
36.807044,127.138572
36.805844,127.139702
36.806904,127.139754
36.806716,127.139907
36.805588,127.135614
36.80737424,127.139992
36.809769,127.130229
36.809826,127.129173
36.807639,127.130583
36.807596,127.130865
36.807459,127.131868
36.807136,127.132667
36.807337,127.133011
36.809741,127.133199
36.809918,127.133419
36.81036753,127.133055
36.807388,127.132388
36.807588,127.132742
36.807262,127.134233
36.807241,127.134565
36.806107,127.1352722
36.806124,127.134439
36.8061953,127.134467
36.80478311,127.134539
36.805057,127.134491
36.805004,127.134391
36.807887,127.128766
36.808078,127.128533
36.806073,127.128241
36.807039,127.128462
36.809234,127.128985
36.805472,127.121665
36.805348,127.116158
36.805353,127.1140543
36.80214906,127.116164
36.805176,127.116414
36.805721,127.115432
36.806072,127.117832
36.806203,127.117919
36.806741,127.119058
36.808198,127.110885
36.80456188,127.110717
36.808294,127.110608
36.807066,127.110376
36.806951,127.110179
36.806914,127.110496
36.806769,127.110283
36.805948,127.1119636
36.809494,127.110937
36.809329,127.111078
36.806636,127.1119636
36.808386,127.113904
36.807372,127.113916
36.806443,127.113476
36.806294,127.113624
36.806183,127.113402
36.806343,127.113271
36.807288,127.113582
36.808267,127.114012
36.806194,127.114695
36.805205,127.113081
36.805309,127.112973
36.809895,127.109535
36.81076826,127.109627
36.809795,127.109348
36.807727,127.1072112
36.807499,127.107499
36.807199,127.1119636
36.8058474,127.109661
36.805395,127.109734
36.805287,127.109833
36.820876,127.188076
36.814517,127.149907
36.814428,127.149723
36.8131206,127.149803
36.813608,127.149544
36.813085,127.149383
36.81291099,127.149242
36.813174,127.1488135
36.813258,127.149323
36.813373,127.146488
36.813446,127.146353
36.813593,127.146579
36.810365,127.148415
36.811096,127.148762
36.811292,127.148704
36.814578,127.141759
36.813467,127.1418423
36.813787,127.141652
36.813639,127.141376
36.81021955,127.1443931
36.810115,127.144026
36.813508,127.144626
36.810412,127.141096
36.811809,127.141169
36.813618,127.141814
36.810601,127.140873
36.813809,127.136939
36.813743,127.138687
36.813912,127.134681
36.813284,127.132313
36.813246,127.132034
36.813085,127.132263
36.813164,127.132406
36.813959,127.134158
36.814108,127.134516
36.813714,127.134391
36.811779,127.133637
36.814263,127.132608
36.814197,127.132691
36.814152,127.132575
36.81444109,127.132501
36.813387,127.131301
36.814559,127.130389
36.812129,127.1310938
36.812088,127.132045
36.812185,127.131987
36.811969,127.131906
36.810218,127.131253
36.81681988,127.130154
36.813623,127.130028
36.810046,127.132498
36.811951,127.148914
36.814602,127.115931
36.811142,127.114891
36.811345,127.1120942
36.811877,127.112084
36.811788,127.111839
36.810543,127.111431
36.810715,127.111304
36.810815,127.110782
36.810938,127.110696
36.811654,127.110088
36.811731,127.110278
36.812113,127.110239
36.812205,127.110442
36.814915,127.112144
36.810027,127.1109521
36.810186,127.109778
36.81076826,127.109496
36.810321,127.109682
36.810995,127.109886
36.811149,127.109108
36.811788,127.109999
36.81185277,127.109025
36.812763,127.108805
36.815152,127.147134
36.815541,127.141999
36.815641,127.142113
36.815203,127.1418423
36.815123,127.141989
36.818625,127.143103
36.81827264,127.142592
36.818418,127.142803
36.818814,127.142904
36.818489,127.135307
36.81787109,127.135656
36.818556,127.139595
36.818528,127.137869
36.818506,127.135923
36.818279,127.135533
36.818641,127.139357
36.816618,127.137141
36.81681988,127.130628
36.816241,127.130704
36.819177,127.1326841
36.819517,127.131311
36.815788,127.130233
36.817484,127.131001
36.819006,127.131194
36.819426,127.121123
36.815755,127.116265
36.815989,127.116153
36.817014,127.1184049
36.818206,127.119734
36.818454,127.119712
36.819495,127.119994
36.818501,127.118436
36.818539,127.118227
36.818676,127.117429
36.818955,127.117173
36.81556188,127.114703
36.816272,127.114143
36.816217,127.113813
36.816522,127.112847
36.816369,127.112599
36.815077,127.112338
36.815298,127.112252
36.81910075,127.1133052
36.815213,127.110711
36.815362,127.1133052
36.815424,127.110594
36.815564,127.110824
36.81910075,127.1133052
36.816211,127.110917
36.816297,127.1133052
36.816799,127.111199
36.81910075,127.111531
36.817907,127.111646
36.817948,127.111456
36.818025,127.111568
36.81669885,127.109912
36.815848,127.109765
36.8246963,127.148341
36.824811,127.1480685
36.821878,127.144246
36.822015,127.143787
36.821905,127.143666
36.822041,127.143586
36.823144,127.143968
36.823982,127.144179
36.824143,127.1387342
36.824204,127.140592
36.824104,127.140693
36.824011,127.140545
36.822677,127.140218
36.822557,127.140315
36.822482,127.140172
36.822591,127.1396436
36.822652,127.139673
36.822762,127.138989
36.822875,127.138882
36.822801,127.138747
36.824243,127.139225
36.824316,127.139372
36.82406485,127.1390483
36.824353,127.139163
36.824273,127.137007
36.822119,127.136304
36.822941,127.136696
36.823094,127.136929
36.823267,127.136768
36.823152,127.136471
36.823305,127.135471
36.822748,127.1358583
36.824855,127.132771
36.820202,127.128244
36.821459,127.127128
36.822361,127.126138
36.822796,127.125336
36.822755,127.125091
36.823011,127.125291
36.824952,127.127257
36.824689,127.127117
36.82357321,127.125801
36.824329,127.125746
36.821658,127.124636
36.821694,127.1243752
36.821815,127.124448
36.822107,127.124286
36.822258,127.124167
36.822362,127.123579
36.822514,127.123458
36.820504,127.122956
36.820594,127.1233312
36.820656,127.122538
36.820594,127.121445
36.820732,127.121613
36.820744,127.120337
36.820899,127.120643
36.820995,127.120126
36.821163,127.120458
36.822088,127.120714
36.82357321,127.124468
36.823026,127.120968
36.823284,127.120785
36.821203,127.118957
36.821181,127.117787
36.821341,127.118165
36.821455,127.117648
36.821611,127.117903
36.821658,127.116264
36.821658,127.115909
36.81910075,127.115079
36.822665,127.118191
36.822832,127.115374
36.824178,127.115131
36.81910075,127.1133052
36.821662,127.113826
36.821579,127.113564
36.821662,127.113396
36.821008,127.112483
36.821226,127.112554
36.821663,127.112822
36.821542,127.112643
36.821654,127.112554
36.821664,127.111828
36.822711,127.1140762
36.824424,127.113805
36.822635,127.112045
36.822693,127.111842
36.822726,127.111588
36.822843,127.115271
36.822877,127.1123515
36.823041,127.112257
36.823048,127.111964
36.823076,127.111703
36.8261649,127.110066
36.827926,127.143055
36.827523,127.143016
36.827711,127.143242
36.827606,127.144582
36.827383,127.144789
36.827241,127.144878
36.826143,127.1428947
36.825498,127.144606
36.825299,127.144737
36.825132,127.144462
36.825334,127.144233
36.826258,127.1428947
36.826275,127.142739
36.825683,127.142805
36.825586,127.141207
36.82538822,127.140905
36.825605,127.140755
36.825779,127.140948
36.825801,127.140762
36.827829,127.140228
36.827887,127.140889
36.827633,127.141153
36.827845,127.141464
36.828094,127.141205
36.829249,127.141523
36.829133,127.143056
36.829112,127.143334
36.8301203,127.144806
36.83043733,127.144178
36.829696,127.143257
36.829908,127.1427705
36.829773,127.1415594
36.825909,127.139225
36.825769,127.137364
36.82624293,127.137192
36.825919,127.137239
36.825877,127.137524
36.826031,127.137565
36.826025,127.137398
36.826079,127.137251
36.826064,127.137184
36.826951,127.137238
36.827123,127.137325
36.826823,127.139383
36.82685203,127.139388
36.827978,127.139624
36.828109,127.139424
36.828103,127.137979
36.827986,127.137645
36.828256,127.137788
36.82656124,127.137452
36.828806,127.137967
36.828703,127.137827
36.828702,127.137485
36.828537,127.137394
36.828561,127.136896
36.828623,127.135446
36.82522863,127.132648
36.826276,127.132782
36.826287,127.132983
36.826532,127.133337
36.826489,127.1325554
36.826805,127.133047
36.828688,127.133978
36.828661,127.133143
36.828722,127.133323
36.828895,127.133174
36.828796,127.132838
36.82911083,127.132132
36.82911083,127.131861
36.828772,127.130902
36.828858,127.130994
36.828832,127.130823
36.82911083,127.130915
36.825427,127.129454
36.826544,127.129286
36.826597,127.129355
36.827141,127.129303
36.827402,127.129372
36.827456,127.129475
36.827462,127.129312
36.827509,127.129377
36.827957,127.129328
36.828286,127.129471
36.828787,127.129418
36.828867,127.129576
36.828876,127.129281
36.82911083,127.129419
36.82911083,127.1278528
36.828911,127.128077
36.828939,127.127517
36.829086,127.127337
36.825308,127.1136196
36.827738,127.116617
36.825501,127.114079
36.825532,127.114224
36.825609,127.114113
36.825706,127.113643
36.825661,127.113319
36.825767,127.113387
36.825749,127.113188
36.828137,127.114072
36.8261649,127.111663
36.825336,127.109772
36.826885,127.109287
36.826917,127.109012
36.828451,127.107922
36.828582,127.107537
36.829776,127.1111114
36.834546,127.145706
36.834628,127.145562
36.83356031,127.1452777
36.834444,127.145533
36.83266433,127.149478
36.832953,127.148621
36.832643,127.148597
36.832856,127.148427
36.832974,127.148425
36.832926,127.147891
36.833012,127.147613
36.832884,127.147575
36.832263,127.147245
36.833031,127.145522
36.833242,127.145811
36.833473,127.145509
36.833297,127.145278
36.832062,127.145149
36.830017,127.143311
36.830905,127.144993
36.830842,127.144274
36.831079,127.144301
36.830953,127.143412
36.831097,127.143427
36.831037,127.143227
36.83170894,127.142525
36.830024,127.141737
36.830301,127.141432
36.830048,127.141103
36.830973,127.141523
36.831141,127.141823
36.831355,127.141565
36.831182,127.141273
36.831114,127.140596
36.831348,127.140622
36.832427,127.140046
36.832123,127.141656
36.832331,127.141398
36.832492,127.141702
36.832291,127.1394478
36.832129,127.142629
36.832357,127.142655
36.83155912,127.1434485
36.832164,127.143742
36.832226,127.144429
36.834833,127.143679
36.833558,127.143663
36.833418,127.143476
36.833515,127.1402135
36.833236,127.141797
36.833527,127.141513
36.83622167,127.1418949
36.834032,127.141934
36.834048,127.141692
36.833738,127.140046
36.8301203,127.139731
36.830289,127.139611
36.830133,127.138745
36.830136,127.138008
36.830142,127.1371435
36.830291,127.138241
36.830298,127.137459
36.830502,127.137878
36.830519,127.137636
36.831225,127.1394478
36.831282,127.139924
36.831369,127.139727
36.83152745,127.138894
36.831401,127.1394478
36.831276,127.138093
36.831309,127.137751
36.831551,127.138103
36.831624,127.137782
36.830256,127.135431
36.830354,127.135342
36.830449,127.135451
36.832361,127.139832
36.832395,127.138994
36.833029,127.139193
36.832367,127.137858
36.832447,127.1385688
36.832543,127.138424
36.832689,127.138106
36.832702,127.137891
36.833644,127.139848
36.833585,127.138366
36.833581,127.138119
36.833735,127.138597
36.833737,127.137887
36.833916,127.1385688
36.833921,127.137971
36.834457,127.138015
36.834578,127.137955
36.834705,127.1376774
36.833696,127.135793
36.833794,127.135916
36.83363235,127.135808
36.830221,127.133271
36.83056663,127.1335323
36.830397,127.133105
36.830586,127.133255
36.830339,127.130993
36.830431,127.131131
36.830438,127.130888
36.830533,127.131032
36.83219595,127.131048
36.830899,127.131131
36.830904,127.130966
36.830968,127.131059
36.831435,127.131086
36.831869,127.131033
36.831899,127.1305882
36.833618,127.133496
36.83363235,127.133736
36.833836,127.133307
36.833979,127.133486
36.83369285,127.131237
36.833893,127.131142
36.833992,127.131252
36.834702,127.131294
36.834753,127.1328416
36.834748,127.131233
36.834804,127.1334914
36.830359,127.129463
36.830461,127.129621
36.830463,127.129391
36.830556,127.129474
36.830929,127.129562
36.830935,127.129416
36.831514,127.129515
36.831859,127.129527
36.83219595,127.129606
36.830509,127.127525
36.830653,127.127367
36.833823,127.129613
36.833925,127.129708
36.83400413,127.129477
36.834055,127.129596
36.834781,127.129699
36.82926734,127.1273289
36.833982,127.127662
36.834137,127.127527
36.830079,127.116072
36.83106728,127.115689
36.82960811,127.114932
36.830333,127.1163026
36.83534987,127.114453
36.831272,127.112038
36.831249,127.111722
36.831424,127.111888
36.833812,127.1142708
36.833845,127.113092
36.833905,127.112904
36.833937,127.113028
36.83370504,127.110103
36.834761,127.110228
36.834855,127.1114651
36.831086,127.108557
36.831067,127.108169
36.832972,127.109232
36.831008,127.106527
36.831099,127.106389
36.834514,127.105605
36.835529,127.146985
36.835068,127.148407
36.835879,127.147706
36.835876,127.1471658
36.835535,127.146312
36.835637,127.1471658
36.835537,127.146106
36.83660842,127.145705
36.835425,127.145575
36.835537,127.145413
36.835636,127.145577
36.836303,127.146221
36.83623391,127.146238
36.836799,127.146357
36.836894,127.146241
36.83623391,127.146163
36.836729,127.145611
36.836917,127.145618
36.837621,127.145643
36.837751,127.1482481
36.83888545,127.146498
36.838601,127.145731
36.838604,127.145628
36.839143,127.146524
36.839181,127.145694
36.837752,127.143687
36.837766,127.142706
36.837779,127.141825
36.837855,127.141958
36.837772,127.142142
36.837692,127.141952
36.836786,127.141353
36.836838,127.141816
36.836764,127.141917
36.836905,127.141927
36.836832,127.142038
36.836808,127.143686
36.836435,127.143752
36.835958,127.143737
36.835625,127.143726
36.835562,127.143828
36.835504,127.143721
36.835567,127.143626
36.835527,127.141874
36.835584,127.141998
36.83622167,127.1418949
36.83622167,127.141768
36.835662,127.141313
36.835567,127.1392169
36.835627,127.140009
36.83603902,127.140088
36.836809,127.140101
36.837916,127.140115
36.838706,127.141988
36.83916567,127.143526
36.839448,127.143611
36.835735,127.138384
36.838801,127.138445
36.838482,127.138438
36.838415,127.138436
36.838356,127.138095
36.837957,127.138085
36.837641,127.138079
36.837035,127.138408
36.837018,127.138066
36.83298624,127.138061
36.835562,127.138378
36.835537,127.138037
36.835209,127.135858
36.835582,127.138907
36.835647,127.138983
36.835712,127.138914
36.835657,127.138438
36.83298624,127.138172
36.835678,127.137971
36.835689,127.137427
36.835735,127.135785
36.836827,127.138942
36.83524216,127.138017
36.836947,127.135846
36.837009,127.135926
36.837839,127.139988
36.837801,127.138013
36.837812,127.137482
36.837777,127.135952
36.837849,127.136044
36.838807,127.138232
36.839072,127.138504
36.839316,127.138279
36.83661707,127.131321
36.835784,127.133755
36.835693,127.133614
36.835796,127.133473
36.835894,127.133622
36.835773,127.131357
36.835825,127.131417
36.835825,127.131291
36.835884,127.131359
36.836995,127.133858
36.836934,127.133692
36.83661707,127.133547
36.837026,127.1334914
36.837069,127.1334914
36.838934,127.130844
36.838833,127.133812
36.835851,127.129744
36.836082,127.129682
36.836105,127.128382
36.835644,127.116998
36.839132,127.119365
36.839489,127.1194238
36.839599,127.119573
36.838663,127.1208421
36.838784,127.117832
36.838854,127.117806
36.838667,127.115484
36.83912119,127.115912
36.839409,127.115749
36.836438,127.1146725
36.836479,127.114398
36.83822754,127.114212
36.836577,127.1148939
36.837365,127.111415
36.837396,127.111537
36.837488,127.111482
36.838827,127.112126
36.838935,127.112175
36.838907,127.112068
36.838987,127.108929
36.839213,127.108786
36.840696,127.143169
36.841014,127.1431514
36.841668,127.142868
36.844944,127.124571
36.841777,127.120051
36.844544,127.121361
36.844896,127.1208421
36.840343,127.119969
36.840345,127.1103977
36.840363,127.113062
36.841323,127.110159
36.841484,127.1117481
36.842886,127.110944
36.844459,127.111868
36.846366,127.122808
36.846953,127.124832
36.84847608,127.122465
36.845737,127.122277
36.845613,127.121929
36.845005,127.119933
36.847773,127.118134
36.849935,127.117599
36.845605,127.112541
36.800707,127.148358
36.800394,127.149211
36.800814,127.148324
36.800596,127.146687
36.800726,127.146834
36.803354,127.146083
36.80316574,127.1453306
36.818922,127.104172
36.8193844,127.109865
36.809094,127.104978
36.808296,127.1053359
36.808706,127.104855
36.819382,127.101298
36.819561,127.101175
36.823155,127.102228
36.821436,127.101713
36.8193844,127.110082
36.820775,127.110168
36.817847,127.109126
36.817688,127.109218
36.8193844,127.109286
36.816694,127.108805
36.816757,127.108929
36.817793,127.109373
36.817515,127.100723
36.817344,127.100687
36.81662682,127.100536
36.817219,127.100445
36.819938,127.109092
36.817938,127.108639
36.817827,127.108452
36.815731,127.107807
36.815333,127.107693
36.815197,127.107814
36.815101,127.108283
36.821735,127.1066544
36.820995,127.109559
36.821154,127.109459
36.822287,127.107223
36.821971,127.107779
36.821862,127.107891
36.822073,127.107958
36.82227254,127.108073
36.818334,127.106655
36.818421,127.106838
36.818271,127.106946
36.818185,127.106762
36.818382,127.105996
36.821411,127.111133
36.823106,127.108261
36.820272,127.107399
36.818002,127.108342
36.818118,127.108534
36.817274,127.106463
36.817174,127.106321
36.817056,127.106403
36.816298,127.105919
36.81431251,127.106131
36.816456,127.106226
36.816217,127.106407
36.817673,127.109996
36.817133,127.1073738
36.821243,127.107553
36.825066,127.102413
36.825156,127.102722
36.815637,127.109355
36.82227254,127.102998
36.822397,127.106105
36.822944,127.1066544
36.822595,127.105101
36.822346,127.106365
36.819152,127.102476
36.818858,127.103967
36.819102,127.102759
36.818799,127.104285
36.822263,127.106202
36.822829,127.108067
36.821823,127.109669
36.821672,127.109775
36.822816,127.109968
36.821586,127.1029196
36.820902,127.109389
36.816936,127.108181
36.816852,127.108014
36.816734,127.108119
36.816799,127.108281
36.822828,127.107402
36.822935,127.107513
36.816127,127.107934
36.816846,127.107709
36.823298,127.102101
36.815813,127.100022
36.817163,127.100612
36.81662682,127.100245
36.812778,127.100596
36.812846,127.100443
36.81206267,127.100905
36.811025,127.101293
36.811211,127.101341
36.811261,127.101236
36.811674,127.102339
36.81141792,127.102388
36.811419,127.102338
36.810409,127.102382
36.811103,127.102448
36.811197,127.102322
36.81058729,127.102222
36.811002,127.102346
36.810966,127.103124
36.811017,127.1054022
36.810842,127.102309
36.810796,127.102393
36.810904,127.101075
36.810867,127.101332
36.810707,127.1014954
36.81021985,127.101394
36.810283,127.101579
36.810212,127.101499
36.814105,127.100131
36.814009,127.100321
36.810335,127.102455
36.810242,127.104349
36.810189,127.104202
36.810084,127.1054022
36.814969,127.108361
36.814424,127.107549
36.814328,127.108061
36.814375,127.108175
36.813559,127.107824
36.81411189,127.107895
36.813656,127.107317
36.812868,127.107723
36.813032,127.106991
36.812886,127.100818
36.812831,127.100931
36.812749,127.100851
36.812952,127.1008912
36.812101,127.101825
36.813028,127.101626
36.813295,127.101669
36.813399,127.101613
36.813468,127.101723
36.810169,127.1039853
36.81039869,127.1031219
36.810021,127.102907
36.810769,127.103141
36.810418,127.103041
36.810375,127.102946
36.812847,127.101641
36.810034,127.104653
36.810076,127.104749
36.80994469,127.104435
36.810194,127.105759
36.810378,127.1054003
36.810255,127.105712
36.810427,127.104847
36.81027817,127.1039853
36.810218,127.104049
36.810654,127.104468
36.810736,127.104664
36.810793,127.104378
36.810877,127.104541
36.81058729,127.104868
36.810464,127.106036
36.810531,127.1054022
36.810323,127.106161
36.810404,127.106327
36.810259,127.107076
36.813278,127.105088
36.813211,127.105402
36.813124,127.105223
36.813362,127.105281
36.814708,127.105685
36.813661,127.107364
36.812618,127.108437
36.810133,127.107708
36.810315,127.107196
36.812936,127.106806
36.812774,127.106905
36.812877,127.107093
36.810085,127.102859
36.810719,127.103048
36.812648,127.100369
36.811194,127.100474
36.813829,127.101833
36.805439,127.105727
36.806302,127.106091
36.807321,127.106398
36.807263,127.106241
36.807428,127.105407
36.807884,127.105581
36.806704,127.106088
36.808807,127.1042843
36.808634,127.105216
36.808564,127.1053359
36.808603,127.105376
36.808683,127.105314
36.808577,127.1054022
36.808463,127.105594
36.808623,127.105642
36.808952,127.105393
36.80892349,127.105338
36.809196,127.104444
36.809154,127.104365
36.806728,127.105513
36.809851,127.102319
36.809928,127.102256
36.809509,127.101672
36.809773,127.101607
36.809843,127.101697
36.809476,127.101876
36.809406,127.101814
36.809503,127.101276
36.807939,127.105273
36.81058729,127.105475
36.808796,127.103907
36.808992,127.103961
36.809517,127.104127
36.807778,127.105385
36.802169,127.103311
36.803732,127.103603
36.804011,127.1056331
36.809888,127.103861
36.809847,127.103779
36.808759,127.104242
36.808838,127.104183
36.808888,127.1042843
36.809747,127.104569
36.809677,127.104629
36.809552,127.105564
36.809832,127.105653
36.809911,127.105593
36.80994171,127.1056882
36.809959,127.105692
36.808865,127.104044
36.809758,127.105998
36.809508,127.105489
36.805077,127.104563
36.805209,127.104465
36.805274,127.104631
36.806793,127.1056331
36.806871,127.105249
36.807018,127.105141
36.805053,127.1056331
36.804891,127.106067
36.809908,127.106041
36.809858,127.105897
36.807623,127.106899
36.809176,127.105815
36.806601,127.106175
36.806773,127.106228
36.80633666,127.106349
36.808381,127.103778
36.808275,127.103584
36.808212,127.103899
36.805492,127.105838
36.805152,127.104738
36.805605,127.102422
36.84371481,127.1284029
36.84279105,127.1282983
36.84266103,127.1284271
36.8396424,127.125038
36.83948727,127.1258564
36.83948506,127.1259641
36.84173512,127.1284096
36.84214663,127.1285164
36.8415521,127.1281912
36.83971346,127.1249098
36.83964721,127.1247726
36.83966479,127.1237621
36.84385488,127.1261029
36.84396094,127.1263125
36.84371136,127.125907
36.84284334,127.125912
36.84257641,127.1259111
36.84270281,127.1260178
36.84335514,127.1249787
36.84242845,127.1249781
36.84212648,127.1249608
36.84167739,127.1249312
36.84156396,127.1247929
36.84145525,127.1249124
36.84119927,127.1249248
36.84106371,127.124918
36.8411318,127.1250173
36.84027585,127.1249102
36.84009736,127.1249051
36.8401914,127.1247989
36.8401926,127.1237401
36.84203738,127.125066
36.84242954,127.1256099
36.84156716,127.1250499
36.84157333,127.125723
36.84173666,127.1259097
36.84155066,127.1261175
36.84137007,127.1259129
36.8415421,127.1268575
36.84168059,127.127072
36.8415384,127.1272797
36.84065398,127.1259231
36.84041317,127.1259228
36.84040902,127.1256064
36.843867,127.1360723
36.841686,127.1359393
36.841545,127.134644
36.841546,127.1359393
36.841403,127.134449
36.843862,127.136522
36.843417,127.137272
36.843361,127.137131
36.84269671,127.137131
36.842807,127.136571
36.842588,127.1365637
36.843872,127.138096
36.843755,127.138226
36.842697,127.137664
36.841543,127.136388
36.841703,127.136569
36.841542,127.136748
36.841384,127.136569
36.842092,127.1365637
36.842005,127.136655
36.842006,127.136994
36.842062,127.1371245
36.841123,127.136568
36.841035,127.136684
36.841034,127.137092
36.840978,127.1372324
36.841034,127.137384
36.840299,127.137238
36.840941,127.136568
36.840134,127.136563
36.841678,127.138071
36.841542,127.138062
36.841426,127.138222
36.841412,127.138069
36.840299,127.137883
36.839953,127.136564
36.839564,127.136568
36.839511,127.137095
36.839568,127.137238
36.839307,127.138256
36.839197,127.1384205
36.839314,127.138065
36.843737,127.1360723
36.841033,127.136504
36.840359,127.1365603
36.843851,127.131683
36.839441,127.128389
36.839437,127.128502
36.839403,127.131562
36.839405,127.131447
36.841676,127.132574
36.839512,127.136425
36.840049,127.136452
36.841976,127.131379
36.841651,127.130051
36.839583,127.128582
36.839581,127.1299611
36.839577,127.129128
36.839629,127.128977
36.839569,127.129828
36.839567,127.1299611
36.839623,127.129966
36.839967,127.129967
36.840056,127.130075
36.840057,127.129862
36.840143,127.129968
36.840467,127.129969
36.840651,127.129968
36.840559,127.130106
36.840559,127.129833
36.840561,127.128989
36.840644,127.1299627
36.840411,127.128454
36.8405591,127.128582
36.840702,127.128448
36.84056032,127.128444
36.841551,127.128625
36.843697,127.131523
36.842841,127.131518
36.842723,127.131713
36.841735,127.131498
36.841546,127.131702
36.84155933,127.131295
36.841363,127.131502
36.840557,127.131682
36.840688,127.131495
36.840561,127.131334
36.840425,127.131515
36.843339,127.131405
36.704969,127.0721875
36.697824,127.071587
36.685047,127.076273
36.684864,127.076074
36.661065,127.124549
36.660972,127.124511
36.859418,127.109293
36.858523,127.109842
36.857416,127.109864
36.857258,127.109975
36.85713687,127.1099832
36.857197,127.110411
36.857276,127.110157
36.85706941,127.1102444
36.857094,127.110419
36.856924,127.110554
36.854885,127.111063
36.852731,127.110103
36.848843,127.108595
36.848549,127.108438
36.848315,127.1102979
36.847873,127.110311
36.847758,127.110688
36.84810923,127.1109898
36.848426,127.110866
36.847531,127.112678
36.847238,127.112519
36.846943,127.113357
36.8467132,127.115342
36.84647634,127.115905
36.846276,127.116065
36.84313145,127.115809
36.846149,127.116876
36.845844,127.117828
36.845605,127.118575
36.845481,127.118958
36.830411,127.114958
36.83404568,127.115019
36.830118,127.116092
36.830132,127.119843
36.834296,127.121542
36.834183,127.121537
36.834238,127.121696
36.834136,127.121789
36.834066,127.121628
36.834024,127.121793
36.832892,127.121308
36.833005,127.120997
36.834071,127.123771
36.833951,127.123578
36.832804,127.123681
36.832682,127.123553
36.832838,127.123427
36.830718,127.120434
36.830891,127.121071
36.830939,127.121014
36.831277,127.121933
36.830884,127.121917
36.830584,127.1219566
36.830496,127.121456
36.830551,127.120365
36.830621,127.120366
36.830721,127.1215862
36.831323,127.123525
36.831192,127.123515
36.831259,127.123417
36.831258,127.123622
36.831194,127.124314
36.830428,127.123514
36.830575,127.123683
36.830577,127.1219566
36.830646,127.124302
36.831269,127.122685
36.831322,127.122764
36.831265,127.122852
36.831205,127.122766
36.830873,127.122689
36.830925,127.122757
36.830667,127.122751
36.83401679,127.127258
36.833926,127.126245
36.833424,127.126233
36.833277,127.126144
36.830845,127.126106
36.831229,127.126112
36.830628,127.126148
36.830651,127.127364
36.829946,127.117439
36.829846,127.117209
36.829708,127.117328
36.827737,127.116618
36.827605,127.116491
36.827558,127.116632
36.829775,127.117536
36.829221,127.119532
36.830001,127.119793
36.690604,127.074935
36.69804201,127.1106965
36.827467,127.116529
36.826195,127.116197
36.826216,127.1155114
36.82469424,127.116103
36.825284,127.115842
36.825206,127.115743
36.829124,127.121275
36.82890323,127.121592
36.829046,127.121826
36.829095,127.122755
36.829017,127.122912
36.828394,127.122931
36.828317,127.122995
36.828245,127.122936
36.828318,127.123476
36.82890323,127.123396
36.821889,127.144562
36.821878,127.144245
36.82197735,127.1446796
36.820317,127.1443953
36.820202,127.144684
36.823287,127.145674
36.823019,127.145524
36.823126,127.145654
36.818706,127.143623
36.818606,127.1432753
36.8188811,127.145176
36.8188251,127.145119
36.818534,127.1452986
36.818478,127.145566
36.818545,127.145609
36.81848925,127.145752
36.818734,127.145535
36.818806,127.147028
36.849933,127.155633
36.84051236,127.176181
36.84051236,127.175967
36.839206,127.177109
36.839258,127.176996
36.838842,127.177269
36.838713,127.177202
36.825008,127.153739
36.825084,127.154356
36.827926,127.1585854
36.825227,127.158423
36.829696,127.186602
36.829471,127.188322
36.823363,127.151119
36.824907,127.1535897
36.822589,127.154165
36.822646,127.154239
36.822583,127.154353
36.82192558,127.154268
36.822633,127.155719
36.822513,127.155582
36.822564,127.155807
36.822885,127.155712
36.821871,127.1556645
36.821934,127.155899
36.822439,127.155732
36.821836,127.155843
36.821776,127.155953
36.821536,127.156035
36.82192558,127.156148
36.82192558,127.155929
36.795383,127.1223247
36.793681,127.118213
36.793059,127.119401
36.793084,127.119601
36.793042,127.119705
36.793717,127.120803
36.793884,127.121127
36.794275,127.121907
36.794414,127.122295
36.793961,127.122337
36.793857,127.122272
36.79372427,127.121604
36.793336,127.120894
36.793611,127.1207645
36.79424301,127.1220865
36.793808,127.122052
36.793659,127.122856
36.79326346,127.123149
36.793098,127.123063
36.792372,127.121056
36.792458,127.121164
36.792202,127.1357471
36.791968,127.135865
36.791194,127.1357471
36.791147,127.136538
36.790834,127.137013
36.790652,127.136926
36.791187,127.137539
36.79157388,127.137673
36.790316,127.1406365
36.790605,127.1442107
36.790585,127.144324
36.789591,127.131259
36.788792,127.131297
36.788317,127.131314
36.789206,127.134225
36.789199,127.134482
36.788315,127.135428
36.788595,127.135805
36.788599,127.135914
36.788976,127.136613
36.789303,127.137121
36.788227,127.136204
36.78776464,127.136517
36.787553,127.135933
36.788038,127.135497
36.788203,127.135359
36.787669,127.136517
36.789405,127.137909
36.788746,127.138342
36.788695,127.138445
36.789252,127.137898
36.784724,127.136632
36.784608,127.137055
36.835234,127.151432
36.835576,127.151791
36.83634977,127.149995
36.835274,127.150672
36.835185,127.1501244
36.835158,127.149186
36.835224,127.1490545
36.835151,127.1490545
36.834933,127.151661
36.83838885,127.151915
36.832291,127.151549
36.832087,127.151685
36.831918,127.151703
36.83197835,127.1512008
36.832172,127.150127
36.832965,127.150173
36.832568,127.150145
36.832943,127.149428
36.832859,127.149373
36.835092,127.149242
36.831003,127.151857
36.83062795,127.151846
36.828557,127.152257
36.828474,127.152278
36.828448,127.151338
36.828348,127.151227
36.828401,127.151481
36.828275,127.150759
36.828455,127.163781
36.826718,127.161656
36.826628,127.161617
36.829236,127.165302
36.828475,127.166404
36.828417,127.166224
36.83404568,127.121469
36.83188843,127.123553
36.830685,127.121006
36.839418,127.176111
36.787342,127.135889
36.840554,127.176884
36.789204,127.1318762
36.786096,127.1282995
36.785932,127.1282995
36.785942,127.128613
36.786084,127.128772
36.785924,127.1282995
36.77685617,127.129894
36.778594,127.129752
36.778494,127.1295162
36.778116,127.129837
36.778137,127.129674
36.777736,127.129561
36.777711,127.129718
36.779167,127.1315589
36.77856133,127.131158
36.778382,127.131007
36.778567,127.129984
36.778014,127.132371
36.777905,127.132442
36.777869,127.1335974
36.776918,127.134128
36.776765,127.134217
36.77682193,127.1359245
36.776681,127.1335974
36.77506333,127.132527
36.775641,127.1335974
36.77685617,127.133735
36.775365,127.133732
36.775073,127.134127
36.77430195,127.134328
36.775231,127.134113
36.775209,127.1335974
36.776762,127.1378073
36.776789,127.136153
36.776166,127.135226
36.776168,127.135428
36.776026,127.135438
36.77685617,127.135267
36.776751,127.1378073
36.776716,127.137335
36.776324,127.138609
36.776314,127.139185
36.776233,127.139211
36.775904,127.138426
36.775937,127.138521
36.776127,127.139296
36.775347,127.138169
36.775234,127.138189
36.774986,127.1378073
36.774909,127.137894
36.775117,127.139378
36.775123,127.139544
36.775179,127.139599
36.774127,127.135436
36.774212,127.135544
36.77381378,127.135815
36.773928,127.135925
36.774798,127.135505
36.774661,127.1371711
36.774677,127.137519
36.774532,127.137511
36.774513,127.137325
36.774339,127.137009
36.774218,127.136983
36.773662,127.136318
36.773671,127.136142
36.773528,127.136162
36.773551,127.1362488
36.773635,127.138876
36.774832,127.139562
36.77484813,127.139534
36.774877,127.1399515
36.773222,127.138522
36.776433,127.128109
36.777306,127.129423
36.777279,127.129573
36.777213,127.129467
36.777378,127.129528
36.776862,127.129413
36.776516,127.129109
36.776466,127.129245
36.776247,127.129069
36.77530047,127.128022
36.775148,127.128464
36.775197,127.128585
36.776163,127.128936
36.776113,127.129097
36.776038,127.128968
36.775773,127.128916
36.775816,127.128774
36.776728,127.1306203
36.776642,127.131648
36.776606,127.131501
36.776759,127.131595
36.775872,127.130848
36.775626,127.130749
36.775428,127.130567
36.775578,127.130558
36.775492,127.130743
36.775135,127.1335974
36.774835,127.127029
36.772805,127.127494
36.772703,127.127474
36.774653,127.127982
36.774556,127.128088
36.774358,127.127659
36.77517673,127.127787
36.77349699,127.127803
36.774247,127.127678
36.773713,127.128503
36.774862,127.129283
36.774766,127.129168
36.774575,127.129542
36.774587,127.129705
36.774443,127.129535
36.77383175,127.129688
36.774204,127.129924
36.773703,127.128658
36.773584,127.128514
36.773589,127.128656
36.772822,127.127623
36.772708,127.127619
36.772529,127.127958
36.77339323,127.129008
36.773315,127.129013
36.773319,127.128877
36.772832,127.1287673
36.773118,127.129978
36.772229,127.1284343
36.772449,127.127855
36.771955,127.128603
36.771786,127.128404
36.771531,127.128102
36.772512,127.129261
36.772241,127.128941
36.771386,127.129235
36.771477,127.1295717
36.771297,127.129466
36.771266,127.129631
36.771167,127.129512
36.771145,127.129671
36.77095733,127.128749
36.770683,127.128934
36.771051,127.129903
36.770961,127.129786
36.774282,127.130029
36.773406,127.1306766
36.773703,127.130679
36.773718,127.130854
36.77538935,127.131972
36.774678,127.132123
36.774644,127.1309782
36.774819,127.132151
36.77383175,127.131576
36.774337,127.131751
36.773342,127.131157
36.773348,127.131343
36.773054,127.131526
36.772878,127.131758
36.773024,127.131705
36.772919,127.131573
36.772755,127.132127
36.772599,127.132124
36.77685617,127.132599
36.773849,127.132615
36.773796,127.132686
36.773797,127.133195
36.773862,127.133273
36.774274,127.133248
36.77685617,127.132673
36.774327,127.133178
36.774775,127.134699
36.774776,127.134518
36.774532,127.135012
36.774395,127.135024
36.773782,127.1349122
36.773771,127.134131
36.773116,127.133347
36.772983,127.133357
36.773471,127.133931
36.773289,127.133718
36.773438,127.133749
36.773323,127.133897
36.772588,127.134863
36.772371,127.130405
36.772176,127.130505
36.772018,127.130735
36.772033,127.130538
36.772149,127.130692
36.771777,127.1326837
36.771652,127.131039
36.771781,127.131166
36.771671,127.131185
36.77083125,127.1326837
36.772447,127.134883
36.770218,127.132921
36.770345,127.132915
36.770218,127.133082
36.77292659,127.135057
36.771606,127.136128
36.771443,127.1371005
36.769661,127.130088
36.769581,127.130363
36.77050846,127.130542
36.770369,127.130678
36.770081,127.130951
36.770073,127.131061
36.769769,127.131355
36.77099584,127.1309268
36.769448,127.131891
36.769719,127.132234
36.769225,127.131753
36.768971,127.1330577
36.770004,127.132569
36.769516,127.133876
36.769637,127.133861
36.769889,127.1309268
36.776607,127.127963
36.778787,127.128233
36.778676,127.128426
36.776367,127.138738
36.776413,127.135713
36.77477823,127.135565
36.775446,127.136272
36.775125,127.135889
36.775107,127.128949
36.775197,127.130492
36.775261,127.130298
36.775148,127.130307
36.773323,127.128207
36.772741,127.135335
36.772825,127.135229
36.774853,127.139384
36.773113,127.138493
36.768163,127.132383
36.768129,127.132068
36.832672,127.149483
36.835123,127.150724
36.834636,127.120444
36.833636,127.120606
36.833779,127.120516
36.837024,127.120491
36.838023,127.120928
36.838004,127.120815
36.837989,127.121022
36.83418547,127.121032
36.833005,127.120997
36.832892,127.120961
36.834238,127.121697
36.834066,127.121629
36.834183,127.121537
36.834296,127.121542
36.837844,127.123088
36.837851,127.122971
36.837937,127.123026
36.838043,127.123048
36.839032,127.123414
36.839052,127.123609
36.83404568,127.121469
36.830719,127.120434
36.83368071,127.119382
36.834881,127.119362
36.835002,127.119596
36.834669,127.119472
36.834759,127.119699
36.833502,127.119121
36.833691,127.119033
36.835946,127.120032
36.837264,127.119496
36.835302,127.118573
36.835767,127.120061
36.838292,127.119954
36.838332,127.120113
36.838228,127.121308
36.829253,127.119396
36.83404568,127.119755
36.829148,127.1225335
36.830616,127.117855
36.830502,127.117666
36.830002,127.119794
36.830699,127.117583
36.830133,127.119843
36.830773,127.121308
36.831004,127.116502
36.831176,127.116406
36.830815,127.120347
36.832097,127.116837
36.831914,127.118099
36.831701,127.118179
36.832207,127.117064
36.822831,127.115376
36.823631,127.115527
36.823537,127.115442
36.823304,127.115345
36.824033,127.115513
36.82469424,127.116104
36.826218,127.116062
36.826195,127.116199
36.827608,127.116491
36.827738,127.116618
36.827559,127.116632
36.827467,127.116529
36.830118,127.116092
36.829847,127.1215862
36.83404568,127.114958
36.83404568,127.115019
36.829708,127.117329
36.829775,127.117537
36.829946,127.117439
36.830622,127.120366
36.833215,127.120437
36.720779,127.120266
36.720784,127.120371
36.721003,127.123009
36.721007,127.123368
36.721024,127.123214
36.7193886,127.123387
36.721121,127.123123
36.721145,127.130086
36.721227,127.123304
36.721237,127.123141
36.721239,127.123488
36.723733,127.139501
36.724992,127.142184
36.737497,127.148883
36.738055,127.142505
36.738649,127.151188
36.739077,127.152366
36.741551,127.139188
36.741804,127.156986
36.742497,127.137371
36.743484,127.158663
36.744798,127.163983
36.745632,127.135086
36.792143,127.140582
36.791674,127.140052
36.791355,127.139146
36.791731,127.1383786
36.793007,127.139717
36.791339,127.139276
36.791214,127.1392204
36.792023,127.140559
36.792121,127.140759
36.792021,127.140714
36.792273,127.141062
36.790311,127.1392204
36.755042,127.127529
36.742745,127.125786
36.752312,127.127168
36.744884,127.104399
36.758806,127.127857
36.75097288,127.1254078
36.744752,127.103469
36.740019,127.092684
36.739668,127.092056
36.73615133,127.090533
36.736256,127.084487
36.734955,127.117008
36.734133,127.122971
36.728036,127.120148
36.725931,127.114549
36.739114,127.112925
36.763567,127.308323
36.750898,127.314535
36.761325,127.3083675
36.761465,127.306174
36.7621175,127.299695
36.761965,127.299455
36.761034,127.306635
36.763065,127.305243
36.762958,127.305136
36.762554,127.304496
36.762783,127.304492
36.763087,127.304803
36.762865,127.3048256
36.762549,127.305042
36.762884,127.305166
36.763061,127.304951
36.762479,127.3083675
36.760853,127.306487
36.76549149,127.303469
36.762965,127.297685
36.764526,127.300665
36.7643953,127.300848
36.764814,127.301028
36.830543,127.1272035
36.82988376,127.126153
36.830431,127.125315
36.830541,127.125473
36.830542,127.1249305
36.829725,127.123702
36.828976,127.123566
36.829093,127.124121
36.82959468,127.123574
36.829956,127.163413
36.830309,127.163201
36.829775,127.1632071
36.830209,127.163223
36.734987,127.171608
36.754243,127.171067
36.745164,127.170589
36.744637,127.167776
36.74780833,127.175161
36.747889,127.175148
36.747989,127.175113
36.74830828,127.175281
36.747916,127.1782864
36.747819,127.1782864
36.750691,127.186315
36.758108,127.296858
36.759086,127.296854
36.750221,127.292181
36.759941,127.294679
36.75267292,127.295296
36.75834411,127.296183
36.755892,127.296316
36.756027,127.296336
36.755957,127.296194
36.756031,127.296124
36.755948,127.2961174
36.756425,127.296208
36.756358,127.296405
36.756536,127.296234
36.756465,127.296448
36.759903,127.174722
36.759845,127.179782
36.76010718,127.179595
36.759922,127.179539
36.759847,127.179616
36.768357,127.186119
36.760414,127.178496
36.761931,127.172933
36.761893,127.173136
36.761298,127.171853
36.76167275,127.1717308
36.766586,127.166219
36.766499,127.166275
36.766405,127.1663785
36.766451,127.166657
36.766299,127.166069
36.766329,127.1665819
36.760398,127.174724
36.760392,127.176876
36.760493,127.176988
36.760492,127.176775
36.760592,127.176873
36.760502,127.178389
36.760485,127.175019
36.768217,127.188617
36.768302,127.188792
36.768464,127.186181
36.768496,127.186047
36.768305,127.185474
36.768267,127.185838
36.767862,127.197326
36.7680163,127.197129
36.745103,127.289178
36.746725,127.290787
36.741854,127.285834
36.743065,127.286419
36.740602,127.285207
36.740611,127.285339
36.740538,127.285363
36.740548,127.2835187
36.740428,127.284946
36.729832,127.280286
36.73218822,127.283693
36.730837,127.281482
36.7285386,127.273732
36.728939,127.270199
36.727147,127.261606
36.727219,127.261714
36.727273,127.261434
36.727381,127.261442
36.726835,127.260947
36.720693,127.255164
36.719994,127.277626
36.708801,127.273946
36.702151,127.276046
36.703906,127.274581
36.704995,127.2736641
36.674307,127.145945
36.670417,127.139255
36.656855,127.134914
36.831001,127.151854
36.830887,127.151826
36.688886,127.158955
36.690407,127.157308
36.698903,127.1106965
36.698894,127.110828
36.698973,127.110701
36.703437,127.106353
36.828557,127.152257
36.706363,127.110492
36.830929,127.150952
36.705363,127.111304
36.702404,127.114292
36.702265,127.1142056
36.709733,127.113717
36.687209,127.0783046
36.687209,127.0783046
36.678504,127.062025
36.678504,127.062025
36.807286,127.118711
36.807286,127.118711
36.807066,127.116567
36.807066,127.116567
36.807057,127.116815
36.807057,127.116815
36.808661,127.117981
36.808661,127.117981
36.807931,127.117809
36.807931,127.117809
36.695083,127.091863
36.695083,127.091863
36.7701318,127.335776
36.773157,127.379932
36.775263,127.344903
36.776087,127.3449923
36.776893,127.346671
36.776991,127.346927
36.777119,127.347255
36.777291,127.347689
36.777762,127.348797
36.777839,127.348873
36.777847,127.349013
36.777927,127.350954
36.777983,127.349299
36.779473,127.3544126
36.780471,127.356203
36.792016,127.368497
36.802245,127.371377
36.803692,127.372234
36.756592,127.318049
36.764308,127.311782
36.76416684,127.312679
36.764925,127.314184
36.765837,127.302414
36.76601368,127.302672
36.766115,127.302828
36.767778,127.305057
36.768816,127.306947
36.768869,127.307199
36.768886,127.307049
36.769041,127.307111
36.769886,127.308646
36.771757,127.310934
36.771757,127.310934
36.784191,127.315693
36.787647,127.316786
36.799456,127.318994
36.803365,127.3195985
36.804392,127.319607
36.807117,127.319075
36.81079147,127.318881
36.810568,127.318607
36.8274276,127.3159161
36.827653,127.315776
36.77147824,127.414808
36.771416,127.381651
36.762169,127.398147
36.76486245,127.2913056
36.765125,127.291215
36.767294,127.284123
36.767634,127.283813
36.767556,127.283711
36.764894,127.291408
36.765207,127.290953
36.76594408,127.287873
36.765076,127.291366
36.765214,127.291416
36.76488056,127.2933353
36.764962,127.293459
36.845983,127.179905
36.849185,127.182056
36.849828,127.1842962
36.854065,127.184211
36.858917,127.187697
36.851226,127.183421
36.855381,127.184503
36.857792,127.186161
36.899842,127.259734
36.855956,127.180479
36.777374,127.176055
36.779886,127.165305
36.77825533,127.156155
36.778276,127.1562067
36.778307,127.156285
36.7783723,127.154712
36.777688,127.153741
36.779977,127.153663
36.781973,127.165348
36.782017,127.165599
36.781749,127.1650801
36.782037,127.165121
36.78143774,127.165568
36.781517,127.165337
36.781476,127.165098
36.784571,127.168814
36.783911,127.169836
36.783347,127.165318
36.781025,127.158455
36.780996,127.1582119
36.780967,127.158578
36.78009682,127.156305
36.78018587,127.158335
36.780039,127.158513
36.78000362,127.153776
36.787821,127.165819
36.787012,127.166588
36.786251,127.164782
36.786338,127.164802
36.786439,127.164777
36.789278,127.164497
36.789111,127.164857
36.789235,127.164675
36.787999,127.151552
36.788046,127.151388
36.789552,127.154573
36.792462,127.161596
36.791193,127.162782
36.791144,127.163414
36.791229,127.164047
36.794392,127.163836
36.794454,127.163752
36.791234,127.163269
36.794455,127.164457
36.794412,127.162829
36.791768,127.156255
36.791608,127.156291
36.792303,127.157889
36.790841,127.157822
36.794075,127.158874
36.793769,127.157941
36.794907,127.159369
36.794457,127.159843
36.794356,127.159938
36.7931805,127.159747
36.794394,127.159343
36.794802,127.1614168
36.794746,127.159349
36.79141382,127.155731
36.79384486,127.150896
36.792986,127.150443
36.797737,127.164463
36.799694,127.164576
36.798771,127.164601
36.80199816,127.163629
36.798641,127.161816
36.798759,127.161692
36.798889,127.161803
36.7985197,127.155709
36.797836,127.155719
36.798844,127.159246
36.7985197,127.159103
36.7985197,127.159587
36.798497,127.159302
36.798443,127.159102
36.798849,127.159046
36.795582,127.158524
36.796706,127.157416
36.7943359,127.1614168
36.798424,127.152975
36.798636,127.152693
36.798839,127.152955
36.797821,127.153165
36.795075,127.151243
36.798471,127.154024
36.79800394,127.154069
36.798832,127.153624
36.796705,127.152442
36.799767,127.153464
36.798443,127.150353
36.798149,127.150429
36.798092,127.150386
36.798357,127.151379
36.799349,127.150906
36.79980361,127.150859
36.799655,127.150719
36.799472,127.151146
36.769997,127.232502
36.761424,127.213343
36.76989887,127.238876
36.769553,127.234581
36.769454,127.234427
36.76933525,127.234591
36.769416,127.234258
36.769902,127.232856
36.769929,127.232655
36.766501,127.231086
36.766495,127.230917
36.766263,127.230925
36.766224,127.230707
36.773361,127.209737
36.773154,127.209657
36.772931,127.208792
36.772243,127.208037
36.770925,127.205653
36.77073851,127.2052701
36.770535,127.205065
36.768407,127.204213
36.770375,127.205016
36.7696641,127.203054
36.769836,127.203147
36.769199,127.201171
36.77022176,127.203653
36.771342,127.229441
36.774695,127.2106964
36.775879,127.216849
36.775618,127.213577
36.77801766,127.213664
36.77608078,127.198799
36.870326,127.267856
36.739304,127.2722221
36.744287,127.270644
36.74367704,127.270459
36.745553,127.251625
36.747255,127.252428
36.750282,127.262929
36.75055331,127.2597572
36.759975,127.266487
36.730694,127.259132
36.734105,127.252499
36.734826,127.252534
36.740354,127.240474
36.741301,127.245424
36.722973,127.215114
36.729624,127.213962
36.738902,127.246104
36.738021,127.247204
36.738988,127.239672
36.741043,127.222345
36.742366,127.221597
36.743295,127.213051
36.744295,127.211665
36.745018,127.214117
36.745486,127.212404
36.745638,127.212732
36.74677239,127.213251
36.746933,127.213989
36.747394,127.218302
36.746542,127.220741
36.742411,127.2365518
36.741961,127.237273
36.742045,127.237055
36.742199,127.236765
36.743948,127.229616
36.743874,127.229522
36.743962,127.229472
36.7438994,127.2292344
36.752454,127.217154
36.750282,127.208031
36.749953,127.242062
36.773729,127.210104
36.774914,127.211698
36.774875,127.211802
36.773889,127.2156458
36.776008,127.217151
36.775896,127.216997
36.775877,127.215314
36.775873,127.215229
36.776519,127.211235
36.776404,127.211198
36.775214,127.211526
36.775493,127.213536
36.775595,127.213411
36.77587238,127.213685
36.777614,127.214124
36.777734,127.214139
36.777727,127.213932
36.777894,127.213861
36.778285,127.214754
36.778354,127.2142439
36.778489,127.214514
36.778467,127.214735
36.778636,127.2142439
36.787193,127.194946
36.850028,127.119539
36.851579,127.117491
36.851643,127.1204203
36.854488,127.117494
36.854599,127.117599
36.854718,127.117497
36.854597,127.117388
36.860889,127.184133
36.86188704,127.185456
36.865481,127.184419
36.866626,127.194886
36.868211,127.197447
36.868641,127.197042
36.868604,127.198281
36.868792,127.197021
36.868903,127.198816
36.868944,127.197162
36.868991,127.198854
36.869017,127.196937
36.86898548,127.198945
36.869102,127.198823
36.869684,127.199274
36.869908,127.199578
36.870004,127.199502
36.871262,127.200312
36.871453,127.197547
36.871527,127.197718
36.871575,127.197558
36.872617,127.200958
36.874197,127.201875
36.874341,127.201827
36.875496,127.202431
36.875988,127.202582
36.876053,127.202722
36.876453,127.156661
36.876674,127.1603455
36.876721,127.158102
36.876734,127.159822
36.87673268,127.160126
36.876837,127.159975
36.876875,127.199672
36.876858,127.199925
36.876972,127.200198
36.877082,127.1507844
36.877052,127.199822
36.877177,127.182508
36.877159,127.200098
36.877237,127.199842
36.877416,127.155506
36.877522,127.159801
36.877477,127.1546898
36.877598,127.1539206
36.877601,127.213663
36.877654,127.157054
36.877752,127.159924
36.877812,127.1571275
36.877764,127.158367
36.877926,127.1583572
36.877891,127.1605399
36.877841,127.213886
36.877978,127.195292
36.878483,127.166196
36.878562,127.2087642
36.878868,127.153847
36.878785,127.174188
36.878883,127.151477
36.878992,127.153721
36.878977,127.174359
36.88001621,127.153997
36.87926634,127.153828
36.878986,127.180688
36.879063,127.186418
36.879463,127.213195
36.879721,127.213015
36.88260313,127.213377
36.880627,127.2056231
36.881047,127.202488
36.881184,127.202369
36.881218,127.202603
36.88260313,127.208427
36.881341,127.208563
36.881445,127.208456
36.882766,127.214088
36.882951,127.208536
36.882917,127.213904
36.883008,127.214093
36.883099,127.208742
36.883115,127.2072898
36.883167,127.206808
36.88260313,127.206587
36.885595,127.197863
36.885884,127.196247
36.886085,127.198083
36.886127,127.205579
36.88524809,127.2065188
36.886944,127.206525
36.887143,127.206496
36.887782,127.207341
36.887865,127.207195
36.889795,127.208896
36.895993,127.2089926
36.898601,127.216228
36.898716,127.216313
36.898734,127.216098
36.898833,127.215924
36.898863,127.216454
36.898904,127.216043
36.899001,127.216101
36.901192,127.167095
36.902688,127.162198
36.905042,127.165068
36.909464,127.172921
36.910706,127.183575
36.910705,127.185168
36.924307,127.211104
36.920837,127.223638
36.919489,127.223136
36.919179,127.2237804
36.919902,127.219628
36.919806,127.220787
36.953481,127.188417
36.949006,127.196825
36.932676,127.197082
36.912249,127.199903
36.91229317,127.199944
36.91263612,127.213345
36.912257,127.199998
36.913762,127.219111
36.914074,127.220059
36.912878,127.210729
36.912507,127.202675
36.912054,127.197219
36.900998,127.278184
36.904057,127.278722
36.901355,127.258069
36.910286,127.250418
36.914603,127.261306
36.915071,127.258741
36.91653217,127.245915
36.91144864,127.2471606
36.90748456,127.220637
36.913475,127.245413
36.913673,127.245566
36.913143,127.243293
36.911938,127.221504
36.912734,127.221732
36.914258,127.222161
36.912967,127.214945
36.925799,127.192166
36.964354,127.119948
36.964271,127.120091
36.964235,127.120272
36.964155,127.119894
36.95634939,127.129902
36.962035,127.125158
36.901783,127.2188496
36.902604,127.220436
36.908116,127.227187
36.911878,127.2295821
36.911493,127.238225
36.91360065,127.2305698
36.913896,127.230433
36.914229,127.230417
36.917685,127.232561
36.915508,127.2253555
36.915304,127.222785
36.915089,127.222473
36.900547,127.2171475
36.903842,127.219217
36.903598,127.221958
36.915185,127.222375
36.914075,127.230534
36.914002,127.230704
36.91360065,127.2305698
36.913991,127.230278
36.914075,127.2301682
36.778688,127.140244
36.778762,127.140564
36.776508,127.143123
36.777941,127.1436338
36.776663,127.143189
36.779925,127.137813
36.779318,127.139054
36.779953,127.138052
36.779362,127.139229
36.777737,127.139994
36.782211,127.148238
36.782525,127.148299
36.78366385,127.145891
36.782204,127.1452169
36.784092,127.140331
36.783795,127.140204
36.78114567,127.142196
36.781224,127.142103
36.781091,127.140504
36.780734,127.140319
36.781286,127.140117
36.78123715,127.140217
36.783222,127.143717
36.782867,127.143508
36.782765,127.143578
36.780877,127.140438
36.780246,127.142667
36.780211,127.142583
36.78061981,127.141927
36.781619,127.135747
36.781723,127.135835
36.78236477,127.137714
36.782106,127.137823
36.78135876,127.139425
36.781194,127.136618
36.780899,127.136287
36.781274,127.136622
36.780041,127.139773
36.784486,127.113299
36.789581,127.148146
36.788279,127.149595
36.787076,127.146919
36.788527,127.147519
36.788309,127.130096
36.7868805,127.131093
36.789588,127.131255
36.787987,127.131165
36.788423,127.131177
36.788309,127.131075
36.786243,127.128461
36.786084,127.128484
36.78571168,127.128775
36.788446,127.129978
36.788314,127.128987
36.787366,127.128463
36.788122,127.128738
36.788461,127.128764
36.788307,127.128526
36.788314,127.129853
36.786219,127.128623
36.788959,127.125038
36.788898,127.124776
36.789215,127.124916
36.789056,127.124688
36.787538,127.124304
36.786296,127.123888
36.787563,127.124045
36.787486,127.124022
36.787657,127.124046
36.789996,127.123626
36.7893542,127.123242
36.789368,127.123285
36.789421,127.123446
36.786507,127.124091
36.787466,127.1231072
36.789556,127.123051
36.788908,127.120603
36.788283,127.121641
36.788366,127.121878
36.788836,127.120312
36.789966,127.122015
36.787471,127.124171
36.787639,127.124189
36.78686279,127.1185344
36.786496,127.117971
36.786724,127.117747
36.787804,127.119981
36.787653,127.119814
36.786861,127.119806
36.786793,127.119901
36.788438,127.115446
36.788257,127.115535
36.788367,127.115813
36.788397,127.116165
36.788349,127.116649
36.788165,127.116772
36.788232,127.116938
36.788138,127.116954
36.787929,127.117566
36.787797,127.118193
36.786927,127.1172439
36.789224,127.119209
36.787969,127.119812
36.789302,127.119582
36.789532,127.119367
36.78968265,127.119119
36.787473,127.114191
36.785714,127.113326
36.786003,127.113297
36.787273,127.113969
36.787695,127.114574
36.787779,127.114845
36.78915563,127.114664
36.78915563,127.114722
36.788447,127.1146772
36.789057,127.114487
36.794673,127.1493901
36.791383,127.149342
36.791201,127.149214
36.794952,127.146712
36.794843,127.145843
36.792785,127.144909
36.793988,127.143966
36.793777,127.144213
36.794296,127.1436201
36.793513,127.1317914
36.793454,127.1317914
36.793585,127.131213
36.793511,127.1297056
36.790125,127.1311209
36.79369929,127.1317914
36.792303,127.131473
36.791603,127.1318599
36.791654,127.131427
36.791606,127.131487
36.791556,127.1318599
36.790837,127.1303526
36.790371,127.131351
36.790232,127.131463
36.790244,127.131152
36.793635,127.125108
36.793973,127.126162
36.79430754,127.126803
36.79480478,127.1264755
36.794281,127.126049
36.794713,127.127256
36.794564,127.127084
36.794523,127.125157
36.792915,127.129195
36.793339,127.129138
36.79446454,127.129093
36.793672,127.126391
36.793818,127.126395
36.793235,127.1286394
36.792904,127.125465
36.793755,127.126461
36.79049643,127.128607
36.790212,127.128859
36.790429,127.128884
36.791221,127.128755
36.791174,127.128163
36.791226,127.128105
36.790974,127.127763
36.791018,127.127351
36.792067,127.128144
36.790183,127.125408
36.790935,127.125631
36.791015,127.125788
36.793424,127.125081
36.790775,127.125707
36.790318,127.129145
36.790426,127.1230967
36.790455,127.124159
36.790049,127.123768
36.790147,127.123703
36.790498,127.123983
36.790536,127.124126
36.790671,127.123463
36.790974,127.123484
36.790802,127.123395
36.79028464,127.123164
36.790656,127.120247
36.790068,127.121747
36.790175,127.121963
36.792295,127.1219073
36.791576,127.123711
36.791515,127.123901
36.791671,127.123881
36.791435,127.123725
36.793123,127.123184
36.793302,127.123301
36.792156,127.122296
36.794863,127.117824
36.790214,127.119308
36.791056,127.116212
36.790843,127.116158
36.790736,127.115861
36.790499,127.115951
36.790119,127.117472
36.790594,127.116252
36.790123,127.119493
36.790174,127.119197
36.794755,127.116185
36.793901,127.118094
36.793598,127.118296
36.793677,127.118051
36.794824,127.117534
36.794666,127.117726
36.792508,127.1142282
36.7918309,127.114518
36.79235443,127.114426
36.794827,127.114799
36.798466,127.148042
36.79801629,127.148107
36.795805,127.146753
36.79512151,127.146796
36.799187,127.1472116
36.798696,127.147759
36.797819,127.141228
36.79890002,127.142834
36.798684,127.143842
36.798494,127.142604
36.79890002,127.142609
36.798614,127.140854
36.798381,127.143834
36.798449,127.139879
36.797911,127.139849
36.797866,127.139754
36.797852,127.139928
36.797812,127.139842
36.797872,127.137821
36.797913,127.137893
36.79912421,127.135218
36.797881,127.137341
36.798133,127.130543
36.79775201,127.130277
36.798407,127.130323
36.799698,127.130741
36.799335,127.131746
36.799798,127.133018
36.798026,127.130218
36.79817117,127.130617
36.797534,127.130843
36.797412,127.130461
36.798055,127.130747
36.79763965,127.131715
36.797798,127.131832
36.796174,127.1314313
36.79480478,127.126827
36.795866,127.128042
36.79623246,127.1282783
36.796144,127.128707
36.799674,127.126702
36.799846,127.126712
36.799758,127.126325
36.79968891,127.126504
36.79592465,127.126356
36.797732,127.125731
36.795023,127.127298
36.795779,127.126346
36.799916,127.126385
36.797783,127.129993
36.79762362,127.124696
36.797834,127.1244465
36.798011,127.124636
36.797279,127.122538
36.799125,127.121205
36.799202,127.121142
36.799247,127.121233
36.797329,127.122632
36.798222,127.122866
36.797253,127.122691
36.798863,127.123124
36.798895,127.122941
36.798812,127.123021
36.797543,127.124159
36.797205,127.1224407
36.796641,127.122485
36.798954,127.123058
36.799333,127.118247
36.799434,127.115267
36.79886982,127.116353
36.799282,127.116916
36.799187,127.118102
36.797448,127.116575
36.797419,127.117823
36.795042,127.117689
36.797211,127.117969
36.799511,127.118398
36.799118,127.1184081
36.798985,127.118217
36.799591,127.115132
36.797567,127.118016
36.79651896,127.115057
36.797493,127.114898
36.796474,127.114582
36.79651896,127.114941
36.795008,127.114647
36.785957,127.235528
36.78575057,127.235573
36.784567,127.235579
36.784497,127.235671
36.784583,127.235698
36.770436,127.268978
36.783139,127.237775
36.783144,127.237576
36.782986,127.237609
36.798268,127.264329
36.77024165,127.250311
36.770392,127.263211
36.770327,127.260024
36.769851,127.252531
36.782686,127.235064
36.782688,127.235183
36.782604,127.235129
36.782867,127.235057
36.784698,127.235537
36.784808,127.235632
36.781779,127.235668
36.770349,127.231128
36.78040462,127.2333602
36.781078,127.233623
36.800333,127.235022
36.804004,127.231733
36.804483,127.232131
36.807096,127.231282
36.807473,127.2280901
36.807609,127.229685
36.809213,127.220764
36.808484,127.215566
36.819608,127.224729
36.816395,127.225098
36.795983,127.261655
36.786678,127.258407
36.78056331,127.254438
36.783663,127.256057
36.770409,127.252986
36.775325,127.243254
36.776874,127.242563
36.795491,127.193955
36.796628,127.232079
36.790107,127.238614
36.791361,127.235269
36.788848,127.234417
36.787187,127.237375
36.787654,127.239432
36.787725,127.239472
36.788162,127.236673
36.805724,127.2383885
36.800784,127.195706
36.8006818,127.195418
36.805612,127.273737
36.811219,127.276223
36.823062,127.273045
36.823569,127.272941
36.827131,127.272787
36.835458,127.268366
36.839334,127.269606
36.847831,127.266418
36.850687,127.266671
36.853495,127.266368
36.857304,127.267848
36.855257,127.266543
36.861826,127.273229
36.868441,127.282116
36.872854,127.299827
36.786623,127.235175
36.786943,127.235023
36.787809,127.234564
36.788903,127.234215
36.788919,127.234567
36.808004,127.128282
36.8089443,127.127737
36.809517,127.128404
36.927235,127.207407
36.927807,127.207889
36.927912,127.207864
36.927779,127.208903
36.92769509,127.208547
36.92855055,127.208334
36.928148,127.208211
36.928239,127.208166
36.928422,127.207862
36.93007293,127.208901
36.76408095,127.139432
36.766269,127.1497351
36.766302,127.164442
36.766341,127.164601
36.76641216,127.163087
36.766513,127.158119
36.766676,127.1589515
36.767267,127.119096
36.767855,127.1279136
36.772696,127.1656766
36.772752,127.164872
36.773081,127.179674
36.773075,127.179521
36.773176,127.179631
36.773191,127.180967
36.773286,127.179669
36.774572,127.1649846
36.903611,127.107639
36.903636,127.101832
36.903649,127.101066
36.903949,127.0940833
36.904187,127.102468
36.906949,127.128473
36.909327,127.129159
36.911216,127.128405
36.911407,127.128633
36.911474,127.129933
36.911596,127.128652
36.912229,127.128335
36.914546,127.128167
36.915205,127.128116
36.915267,127.128007
36.915302,127.128219
36.915393,127.128111
36.915809,127.127512
36.91583515,127.128065
36.915879,127.127459
36.915964,127.127945
36.91588239,127.128172
36.916031,127.102998
36.916098,127.128056
36.916389,127.129738
36.91667782,127.128014
36.916874,127.111259
36.917359,127.127966
36.917437,127.128751
36.917469,127.128052
36.917516,127.1292623
36.917512,127.128663
36.920231,127.127752
36.920565,127.1274367
36.920595,127.127947
36.920809,127.127757
36.921316,127.122886
36.921397,127.105304
36.921387,127.105505
36.921589,127.105308
36.924308,127.117429
36.924673,127.127509
36.925965,127.102495
36.928462,127.085853
36.92859692,127.087174
36.928555,127.088781
36.931172,127.080275
36.918562,127.1349562
36.903723,127.135014
36.903781,127.135741
36.903817,127.135938
36.90539971,127.135044
36.903908,127.135762
36.903984,127.135503
36.904002,127.135748
36.909037,127.135689
36.91147697,127.143377
36.911494,127.130289
36.911576,127.130181
36.911601,127.130315
36.91165958,127.135376
36.911643,127.135689
36.911654,127.135524
36.91165958,127.135384
36.911702,127.143114
36.91165958,127.135654
36.911784,127.143598
36.911811,127.135507
36.911824,127.135345
36.911839,127.135662
36.911928,127.143915
36.912948,127.131063
36.913281,127.142501
36.91525729,127.142715
36.914448,127.131871
36.914513,127.135494
36.914545,127.1349116
36.914582,127.135289
36.914656,127.135444
36.914704,127.135117
36.914773,127.135281
36.914797,127.135456
36.914822,127.1350474
36.916506,127.131886
36.91804635,127.132487
36.916959,127.132626
36.917056,127.1324561
36.91804635,127.132013
36.917151,127.132131
36.917188,127.131978
36.91672534,127.130017
36.917747,127.133309
36.918442,127.133835
36.918472,127.135166
36.918556,127.135131
36.92075439,127.1279451
36.918593,127.134023
36.918631,127.135151
36.918637,127.1352304
36.918653,127.134808
36.918713,127.133894
36.919376,127.134003
36.919671,127.1352304
36.919773,127.134707
36.920738,127.133024
36.922969,127.134575
36.924795,127.1348435
36.928508,127.134174
36.932047,127.134292
36.939347,127.134504
36.94605067,127.134484
36.942077,127.156606
36.942161,127.156607
36.94502601,127.150617
36.943982,127.158505
36.946392,127.149365
36.946415,127.132971
36.947746,127.164345
36.948653,127.166336
36.948751,127.132356
36.948833,127.134184
36.949073,127.146335
36.949484,127.167694
36.949689,127.142045
36.951358,127.171786
36.954354,127.178015
36.870742,127.144406
36.87657876,127.146815
36.871775,127.147659
36.89929454,127.1605924
36.874388,127.138492
36.864824,127.103282
36.851135,127.125488
36.851289,127.125286
36.851421,127.125406
36.851557,127.125523
36.851904,127.125053
36.850062,127.120703
36.852871,127.120704
36.853042,127.124058
36.854591,127.123898
36.854514,127.121418
36.854464,127.120707
36.854598,127.120852
36.854597,127.120566
36.854717,127.1204203
36.856643,127.136961
36.856891,127.137045
36.855619,127.120593
36.855556,127.120708
36.855618,127.120841
36.855689,127.120711
36.855617,127.123836
36.85579218,127.123763
36.857254,127.123851
36.858744,127.123769
36.85579218,127.123854
36.857089,127.1204203
36.857184,127.120574
36.857186,127.120848
36.857277,127.120715
36.858749,127.1204203
36.858691,127.120716
36.858746,127.120835
36.858807,127.1204203
36.859325,127.120621
36.855622,127.117587
36.857105,127.117502
36.857292,127.117495
36.857188,127.117599
36.857185,127.117389
36.857187,127.116096
36.857126,127.116171
36.857256,127.116169
36.858754,127.117595
36.858678,127.117502
36.857377,127.114386
36.858796,127.114377
36.858931,127.114203
36.858929,127.113197
36.859052,127.113017
36.859568,127.1124496
36.86359132,127.113227
36.859766,127.112797
36.859941,127.113018
36.859678,127.109498
36.861802,127.123784
36.860113,127.120807
36.860055,127.120536
36.863453,127.123936
36.863602,127.123746
36.863444,127.122363
36.863583,127.122179
36.860608,127.119192
36.86359132,127.115694
36.861257,127.1151416
36.861944,127.116935
36.863418,127.119192
36.863599,127.119007
36.863596,127.119351
36.863778,127.119195
36.863405,127.1177336
36.863593,127.117854
36.863787,127.117651
36.863597,127.117407
36.863433,127.115874
36.86359093,127.115703
36.861944,127.114888
36.861982,127.114711
36.861284,127.113188
36.861414,127.113014
36.863458,127.113034
36.863593,127.113214
36.863594,127.112824
36.863833,127.103971
36.866312,127.123794
36.8652891,127.122413
36.866201,127.119196
36.866299,127.119066
36.866156,127.117655
36.866306,127.117919
36.866415,127.117665
36.867437,127.117658
36.866307,127.117411
36.867571,127.117851
36.870142,127.118847
36.865509,127.113029
36.866191,127.1124496
36.866303,127.113423
36.866301,127.113107
36.867442,127.113258
36.867561,127.113484
36.865065,127.103119
36.874337,127.120794
36.872505,127.119761
36.877248,127.128423
36.874994,127.120827
36.878031,127.120744
36.876924,127.115248
36.877595,127.115345
36.877791,127.115387
36.87905914,127.115638
36.88034752,127.122732
36.892299,127.096012
36.892406,127.096007
36.862809,127.150341
36.862707,127.1501213
36.883684,127.155339
36.883533,127.155335
36.842554,127.152473
36.873098,127.147495
36.850457,127.155079
36.857083,127.1501213
36.861098,127.151521
36.861375,127.151181
36.862559,127.150391
36.863075,127.150246
36.859861,127.142297
36.859967,127.142051
36.871121,127.148085
36.870208,127.144601
36.870338,127.144604
36.870968,127.144574
36.87246641,127.146595
36.871908,127.147674
36.872016,127.147609
36.874277,127.138239
36.874596,127.136866
36.875508,127.139068
36.877008,127.149938
36.876885,127.148626
36.876976,127.148695
36.877386,127.148633
36.879206,127.149792
36.880199,127.154008
36.88425101,127.153939
36.88540306,127.143387
36.885746,127.142832
36.886199,127.156542
36.899732,127.157442
36.899116,127.1582311
36.94201604,127.1180748
36.93823167,127.1164946
36.93819544,127.1166229
36.9478316,127.1193247
36.95114251,127.1156842
36.95144303,127.1145805
36.95126511,127.1156777
36.95007963,127.1154613
36.95111239,127.1155607
36.95141927,127.1144197
36.95481767,127.1082363
36.95531343,127.107909
36.95535778,127.1078154
36.95569808,127.1075561
36.95577923,127.1075609
36.9571679,127.1056211
36.95715623,127.105464
36.95193075,127.1126894
36.94764493,127.1191617
36.95003137,127.1159444
36.9503755,127.1157548
36.95476753,127.1083987
36.87205399,127.1478072
36.87183059,127.1478737
36.8733396,127.1496211
36.87320915,127.1495874
36.87310985,127.1496907
36.8727552,127.1498726
36.8722108,127.1490617
36.87215448,127.1488051
36.87223522,127.1489245
36.87186954,127.148068
36.87198101,127.1479977
36.8721177,127.1479712
36.72679228,127.1061238
36.72619999,127.1051896
36.7803283,127.1603318
36.78023033,127.1602134
36.78023736,127.1604805
36.78019101,127.158694
36.77828644,127.1587926
36.78014649,127.1603532
36.78074232,127.1618223
36.78056668,127.1619779
36.78135947,127.1616915
36.78130373,127.1616013
36.7810653,127.1601103
36.78100487,127.1601999
36.82990991,127.1852523
36.83009933,127.1848321
36.82954755,127.1842848
36.87927312,127.1564005
36.87917867,127.1563688
36.87929456,127.1566341
36.87921811,127.1569803
36.87921403,127.1562587
36.8792661,127.1568135
36.7914387,127.1260395
36.79156604,127.1259948
36.79260226,127.1259639
36.84156815,127.1236592
36.84379803,127.1234693
36.83976028,127.122181
36.83973272,127.1236453
36.83966993,127.1234838
36.83970946,127.1213567
36.83976277,127.1215147
36.83970417,127.1216552
36.83970115,127.1221016
36.8396954,127.1222681
36.83954071,127.122188
36.83955159,127.1206777
36.84018908,127.1235333
36.84027712,127.1236455
36.84010257,127.1236399
36.8404523,127.1208404
36.84034533,127.1209865
36.84036752,127.1211137
36.84025866,127.1214599
36.84011455,127.1215266
36.84020473,127.1216358
36.84018581,127.1220788
36.8401036,127.122188
36.84019025,127.1222946
36.84027723,127.1221889
36.84075813,127.1220699
36.84083946,127.1221899
36.8407437,127.1222924
36.8406586,127.1221898
36.84144583,127.1221837
36.84153858,127.1221203
36.84432244,127.1216118
36.84435025,127.1218654
36.84449676,127.1219174
36.84420029,127.1218649
36.832239,127.153059
36.83219377,127.1531035
36.831532,127.154522
36.831965,127.152916
36.832519,127.153444
36.832559,127.153559
36.83219377,127.153532
36.833047,127.153869
36.831895,127.153584
36.831786,127.152802
36.831845,127.153033
36.83219377,127.154565
36.831902,127.152113
36.77501475,127.1269681
36.78598912,127.1186333
36.72058597,127.2457746
36.71857489,127.2434798
36.82360029,127.1526109
36.76110382,127.2964422
36.76127887,127.296152
36.76095762,127.2965418
36.7608452,127.2966888
36.76070472,127.296915
36.76065843,127.2970894
36.847962,127.139412
36.846496,127.138673
36.845325,127.138249
36.826483,127.127273
36.826572,127.1273289
36.826714,127.127262
36.826704,127.124628
36.826674,127.125518
36.8266886,127.125638
36.826662,127.125796
36.826626,127.126425
36.8265106,127.126572
36.826595,127.127103
36.826748,127.123675
36.827497,127.127395
36.827563,127.127303
36.82926734,127.127171
36.827405,127.1266873
36.828499,127.126375
36.826775,127.124791
36.827848,127.1247833
36.828669,127.124833
36.828975,127.124793
36.828977,127.126045
36.829036,127.124895
36.82911882,127.124787
36.829045,127.124676
36.91383169,127.1316993
36.81749011,127.1648574
36.81747614,127.1631377
36.81780337,127.1499542
36.81804445,127.150292
36.8181955,127.1502962
36.81693239,127.149355
36.81765886,127.149961
36.81853544,127.1500152
36.78155407,127.152475
36.782009,127.152525
36.781663,127.152319
36.780235,127.152378
36.780788,127.152292
36.780515,127.152277
36.780661,127.152292
36.780034,127.152352
36.782055,127.152334
36.78177727,127.1523235
36.781959,127.1524882
36.781359,127.155175
36.781272,127.155991
36.781118,127.157386
36.782007,127.152687
36.781616,127.152636
36.781433,127.154571
36.78010007,127.152589
36.781473,127.1558457
36.781913,127.152675
36.78164195,127.152649
36.67601138,127.054717
36.697359,127.096068
36.726991,127.279711
36.3737246,127.283755
36.766189,127.210691
